{"cameraMode":{"drawMode":0,"name":"Shaded","section":"Shading Mode"},"sceneLighting":true,"audioPlay":false,"sceneViewState":{"m_AlwaysRefresh":false,"showFog":true,"showSkybox":true,"showFlares":true,"showImageEffects":true,"showParticleSystems":true,"showVisualEffectGraphs":true,"m_FxEnabled":true},"in2DMode":false,"pivot":{"x":-18.87019920349121,"y":4.849709510803223,"z":-3.673964023590088},"rotation":{"x":0.013427780009806157,"y":-0.10299081355333328,"z":0.0013887209352105857,"w":0.9945753812789917},"size":1.83657968044281,"orthographic":false}