{"cameraMode":{"drawMode":0,"name":"Shaded","section":"Shading Mode"},"sceneLighting":true,"audioPlay":false,"sceneViewState":{"m_AlwaysRefresh":false,"showFog":true,"showSkybox":true,"showFlares":true,"showImageEffects":true,"showParticleSystems":true,"showVisualEffectGraphs":true,"m_FxEnabled":true},"in2DMode":false,"pivot":{"x":0.3827773332595825,"y":5.078092575073242,"z":0.4536699652671814},"rotation":{"x":-0.030217723920941354,"y":0.7398344874382019,"z":-0.03332267701625824,"w":-0.6712530255317688},"size":1.3649073839187623,"orthographic":false}