{"cameraMode":{"drawMode":0,"name":"Shaded","section":"Shading Mode"},"sceneLighting":true,"audioPlay":false,"sceneViewState":{"m_AlwaysRefresh":false,"showFog":true,"showSkybox":true,"showFlares":true,"showImageEffects":true,"showParticleSystems":true,"showVisualEffectGraphs":true,"m_FxEnabled":true},"in2DMode":false,"pivot":{"x":-23.34682846069336,"y":5.052910327911377,"z":-8.2095947265625},"rotation":{"x":-0.008997585624456406,"y":-0.022497164085507394,"z":-0.00020248112559784204,"w":0.9997053742408752},"size":0.8660253882408142,"orthographic":false}